{
  "buttons": {
    "color-btnSurface-default": {
      "$value": "{color.secondary.600}",
      "$type": "color"
    },
    "color-btnText-default": {
      "$value": "{color.primary.50}",
      "$type": "color"
    },
    "color-btnSurface-hover": {
      "$value": "{color.secondary.500}",
      "$type": "color"
    },
    "spacing-btnPaddingY-lg": {
      "$value": "{padding.p_sm}",
      "$type": "dimension"
    },
    "spacing-btnPaddingX-lg": {
      "$value": "{padding.p_lg}",
      "$type": "dimension"
    },
    "radius-btn-lg": {
      "$value": "{radius.radius_sm}",
      "$type": "dimension"
    },
    "size-btnText-lg": {
      "$value": "{FontSize.text-16}",
      "$type": "dimension"
    },
    "line-btnText-lg": {
      "$value": "{LineHeight.line-16_24}",
      "$type": "dimension"
    }
  },
  "userCard": {
    "surfaceColor-default": {
      "$value": "{Neutral.100}",
      "$type": "color"
    },
    "titleColor-default": {
      "$value": "{Neutral.700}",
      "$type": "color"
    },
    "teamLabelColor": {
      "$value": "{Neutral.500}",
      "$type": "color"
    },
    "surfaceColor-hover": {
      "$value": "{Neutral.white}",
      "$type": "color"
    },
    "teamColor": {
      "$value": "{Neutral.600}",
      "$type": "color"
    },
    "infoColor": {
      "$value": "{Neutral.600}",
      "$type": "color"
    },
    "infoIconColor": {
      "$value": "{Neutral.600}",
      "$type": "color"
    },
    "padding-x": {
      "$value": "{padding.p_xxl}",
      "$type": "dimension"
    },
    "padding-y": {
      "$value": "{padding.p_xxl}",
      "$type": "dimension"
    },
    "titleFont-Size": {
      "$value": "{FontSize.text-18}",
      "$type": "dimension"
    },
    "radius": {
      "$value": "{radius.radius_md}",
      "$type": "dimension"
    },
    "columnGap": {
      "$value": "{spacing.Gap_lg}",
      "$type": "dimension"
    },
    "avatarSize": {
      "$value": "{Numbers.5xl}",
      "$type": "dimension"
    },
    "titleLine-height": {
      "$value": "{LineHeight.line-18_27}",
      "$type": "dimension"
    },
    "teamFont-Size": {
      "$value": "{FontSize.text-12}",
      "$type": "dimension"
    },
    "lineLine-height": {
      "$value": "{LineHeight.line-12_18}",
      "$type": "dimension"
    },
    "teamLabelFont-Size": {
      "$value": "{FontSize.text-12}",
      "$type": "dimension"
    },
    "teamLabelLine-height": {
      "$value": "{LineHeight.line-12_18}",
      "$type": "dimension"
    },
    "infoFont-Size": {
      "$value": "{FontSize.text-14}",
      "$type": "dimension"
    },
    "infoLine-height": {
      "$value": "{LineHeight.line-14_21}",
      "$type": "dimension"
    },
    "infoIconSize": {
      "$value": "{Numbers.md}",
      "$type": "dimension"
    },
    "shadow": {
      "$value": "0px 4px 16px 0px rgba(77, 102, 141, 0.10)",
      "$type": "text"
    },
    "transition": {
      "$value": "all 300ms linear",
      "$type": "text"
    }
  },
  "badges": {
    "blue": {
      "surfaceColor-default": {
        "$value": "{Actions.sky_100}",
        "$type": "color"
      },
      "textColor-default": {
        "$value": "{Actions.sky_600}",
        "$type": "color"
      },
      "font-Size": {
        "$value": "{FontSize.text-12}",
        "$type": "dimension"
      },
      "line-Height": {
        "$value": "{LineHeight.line-12_18}",
        "$type": "dimension"
      },
      "padding-y": {
        "$value": "{padding.p_xs}",
        "$type": "dimension"
      },
      "padding-x": {
        "$value": "{padding.p_md}",
        "$type": "dimension"
      },
      "radius-btn-lg": {
        "$value": "{radius.radius_sm}",
        "$type": "dimension"
      }
    },
    "black": {
      "surfaceColor-default": {
        "$value": "{Neutral.700}",
        "$type": "color"
      },
      "textColor-default": {
        "$value": "{Neutral.50}",
        "$type": "color"
      },
      "font-Size": {
        "$value": "{FontSize.text-12}",
        "$type": "dimension"
      },
      "line-Height": {
        "$value": "{LineHeight.line-12_18}",
        "$type": "dimension"
      },
      "padding-y": {
        "$value": "{padding.p_xs}",
        "$type": "dimension"
      },
      "padding-x": {
        "$value": "{padding.p_md}",
        "$type": "dimension"
      },
      "radius-btn-lg": {
        "$value": "{radius.radius_sm}",
        "$type": "dimension"
      }
    }
  },
  "heading_h2": {
    "size": {
      "$value": "{headings.heading-lg}",
      "$type": "dimension"
    },
    "line-h2": {
      "$value": "{LineHeight.line-16_24}",
      "$type": "dimension"
    }
  }
}