{
  "Blue": {
    "50": {
      "$value": "#eff6ff",
      "$type": "color"
    },
    "100": {
      "$value": "#dbeafe",
      "$type": "color"
    },
    "200": {
      "$value": "#bfdbfe",
      "$type": "color"
    },
    "300": {
      "$value": "#93c5fd",
      "$type": "color"
    },
    "400": {
      "$value": "#60a5fa",
      "$type": "color"
    },
    "500": {
      "$value": "#3b82f6",
      "$type": "color"
    },
    "600": {
      "$value": "#2563eb",
      "$type": "color"
    },
    "700": {
      "$value": "#1d4ed8",
      "$type": "color"
    }
  },
  "Green": {
    "50": {
      "$value": "#f0fdf4",
      "$type": "color"
    },
    "100": {
      "$value": "#dcfce7",
      "$type": "color"
    },
    "200": {
      "$value": "#bbf7d0",
      "$type": "color"
    },
    "300": {
      "$value": "#86efac",
      "$type": "color"
    },
    "400": {
      "$value": "#4ade80",
      "$type": "color"
    },
    "500": {
      "$value": "#22c55e",
      "$type": "color"
    },
    "600": {
      "$value": "#16a34a",
      "$type": "color"
    },
    "700": {
      "$value": "#15803d",
      "$type": "color"
    }
  },
  "Neutral": {
    "50": {
      "$value": "#f8fafc",
      "$type": "color"
    },
    "100": {
      "$value": "#f1f5f9",
      "$type": "color"
    },
    "200": {
      "$value": "#e2e8f0",
      "$type": "color"
    },
    "300": {
      "$value": "#cbd5e1",
      "$type": "color"
    },
    "400": {
      "$value": "#94a3b8",
      "$type": "color"
    },
    "500": {
      "$value": "#64748b",
      "$type": "color"
    },
    "600": {
      "$value": "#475569",
      "$type": "color"
    },
    "700": {
      "$value": "#334155",
      "$type": "color"
    },
    "white": {
      "$value": "#ffffff",
      "$type": "color"
    }
  },
  "Actions": {
    "sky_600": {
      "$value": "#0284c7",
      "$type": "color"
    },
    "sky_100": {
      "$value": "#e0f2fe",
      "$type": "color"
    },
    "Lime_600": {
      "$value": "#65a30d",
      "$type": "color"
    },
    "Lime_100": {
      "$value": "#ecfccb",
      "$type": "color"
    },
    "Orange_600": {
      "$value": "#ea580c",
      "$type": "color"
    },
    "Orange_100": {
      "$value": "#ffedd5",
      "$type": "color"
    },
    "Red_600": {
      "$value": "#dc2626",
      "$type": "color"
    },
    "Yellow_600": {
      "$value": "#ca8a04",
      "$type": "color"
    },
    "Red_100": {
      "$value": "#fee2e2",
      "$type": "color"
    },
    "Yellow_100": {
      "$value": "#fef9c3",
      "$type": "color"
    }
  },
  "Numbers": {
    "xxs": {
      "$value": "0.25rem",
      "$type": "dimension"
    },
    "xs": {
      "$value": "0.5rem",
      "$type": "dimension"
    },
    "sm": {
      "$value": "0.75rem",
      "$type": "dimension"
    },
    "md": {
      "$value": "1rem",
      "$type": "dimension"
    },
    "lg": {
      "$value": "1.25rem",
      "$type": "dimension"
    },
    "xl": {
      "$value": "1.5rem",
      "$type": "dimension"
    },
    "xxl": {
      "$value": "1.75rem",
      "$type": "dimension"
    },
    "xxxl": {
      "$value": "2rem",
      "$type": "dimension"
    },
    "xxxxl": {
      "$value": "2.25rem",
      "$type": "dimension"
    },
    "5xl": {
      "$value": "2.5rem",
      "$type": "dimension"
    },
    "xxxs": {
      "$value": "0.125rem",
      "$type": "dimension"
    },
    "none": {
      "$value": "0rem",
      "$type": "dimension"
    }
  },
  "FontSize": {
    "text-10": {
      "$value": "0.625rem",
      "$type": "dimension"
    },
    "text-12": {
      "$value": "0.75rem",
      "$type": "dimension"
    },
    "text-14": {
      "$value": "0.875rem",
      "$type": "dimension"
    },
    "text-16": {
      "$value": "1rem",
      "$type": "dimension"
    },
    "text-18": {
      "$value": "1.125rem",
      "$type": "dimension"
    },
    "text-24": {
      "$value": "1.5rem",
      "$type": "dimension"
    },
    "text-32": {
      "$value": "2rem",
      "$type": "dimension"
    }
  },
  "LineHeight": {
    "line-10_15": {
      "$value": "0.9375rem",
      "$type": "dimension"
    },
    "line-12_18": {
      "$value": "1.125rem",
      "$type": "dimension"
    },
    "line-14_21": {
      "$value": "1.3125rem",
      "$type": "dimension"
    },
    "line-16_24": {
      "$value": "1.5rem",
      "$type": "dimension"
    },
    "line-18_27": {
      "$value": "1.6875rem",
      "$type": "dimension"
    },
    "line-24_36": {
      "$value": "2.25rem",
      "$type": "dimension"
    },
    "line-32_48": {
      "$value": "3rem",
      "$type": "dimension"
    }
  },
  "FontWeight": {
    "light": {
      "$value": "18.75rem",
      "$type": "dimension"
    },
    "regular": {
      "$value": "25rem",
      "$type": "dimension"
    },
    "medium": {
      "$value": "31.25rem",
      "$type": "dimension"
    },
    "bold": {
      "$value": "37.5rem",
      "$type": "dimension"
    },
    "black": {
      "$value": "43.75rem",
      "$type": "dimension"
    }
  }
}