{
  "color": {
    "primary": {
      "50": {
        "$value": "{Blue.50}",
        "$type": "color"
      },
      "100": {
        "$value": "{Blue.100}",
        "$type": "color"
      },
      "200": {
        "$value": "{Blue.200}",
        "$type": "color"
      },
      "300": {
        "$value": "{Blue.300}",
        "$type": "color"
      },
      "400": {
        "$value": "{Blue.400}",
        "$type": "color"
      },
      "500": {
        "$value": "{Blue.500}",
        "$type": "color"
      },
      "600": {
        "$value": "{Blue.600}",
        "$type": "color"
      },
      "700": {
        "$value": "{Blue.700}",
        "$type": "color"
      }
    },
    "secondary": {
      "50": {
        "$value": "{Green.50}",
        "$type": "color"
      },
      "100": {
        "$value": "{Green.100}",
        "$type": "color"
      },
      "200": {
        "$value": "{Green.200}",
        "$type": "color"
      },
      "300": {
        "$value": "{Green.300}",
        "$type": "color"
      },
      "400": {
        "$value": "{Green.400}",
        "$type": "color"
      },
      "500": {
        "$value": "{Green.500}",
        "$type": "color"
      },
      "600": {
        "$value": "{Green.600}",
        "$type": "color"
      },
      "700": {
        "$value": "{Green.700}",
        "$type": "color"
      }
    }
  },
  "shadow": {
    "color": {
      "$value": "#1221380a",
      "$type": "color"
    }
  },
  "spacing": {
    "Gap_xs": {
      "$value": "{Numbers.xxs}",
      "$type": "dimension"
    },
    "Gap_sm": {
      "$value": "{Numbers.xs}",
      "$type": "dimension"
    },
    "Gap_md": {
      "$value": "{Numbers.sm}",
      "$type": "dimension"
    },
    "Gap_lg": {
      "$value": "{Numbers.md}",
      "$type": "dimension"
    },
    "Gap_xl": {
      "$value": "{Numbers.lg}",
      "$type": "dimension"
    },
    "Gap_xxl": {
      "$value": "{Numbers.xl}",
      "$type": "dimension"
    },
    "Gap_xxxl": {
      "$value": "{Numbers.xxl}",
      "$type": "dimension"
    },
    "Gap_xxxxl": {
      "$value": "{Numbers.xxxl}",
      "$type": "dimension"
    },
    "Gap_5xl": {
      "$value": "{Numbers.xxxxl}",
      "$type": "dimension"
    },
    "Gap_6xl": {
      "$value": "{Numbers.5xl}",
      "$type": "dimension"
    }
  },
  "padding": {
    "p_xs": {
      "$value": "{Numbers.xxs}",
      "$type": "dimension"
    },
    "p_sm": {
      "$value": "{Numbers.xs}",
      "$type": "dimension"
    },
    "p_md": {
      "$value": "{Numbers.sm}",
      "$type": "dimension"
    },
    "p_lg": {
      "$value": "{Numbers.md}",
      "$type": "dimension"
    },
    "p_xl": {
      "$value": "{Numbers.lg}",
      "$type": "dimension"
    },
    "p_xxl": {
      "$value": "{Numbers.xl}",
      "$type": "dimension"
    },
    "p_xxxl": {
      "$value": "{Numbers.xxl}",
      "$type": "dimension"
    },
    "p_xxxxl": {
      "$value": "{Numbers.xxxl}",
      "$type": "dimension"
    },
    "p_5xl": {
      "$value": "{Numbers.xxxxl}",
      "$type": "dimension"
    },
    "p_6xl": {
      "$value": "{Numbers.5xl}",
      "$type": "dimension"
    }
  },
  "margin": {
    "m_xs": {
      "$value": "{Numbers.xxs}",
      "$type": "dimension"
    },
    "m_sm": {
      "$value": "{Numbers.xs}",
      "$type": "dimension"
    },
    "m_md": {
      "$value": "{Numbers.sm}",
      "$type": "dimension"
    },
    "m_lg": {
      "$value": "{Numbers.md}",
      "$type": "dimension"
    },
    "m_xl": {
      "$value": "{Numbers.lg}",
      "$type": "dimension"
    },
    "m_xxl": {
      "$value": "{Numbers.xl}",
      "$type": "dimension"
    },
    "m_xxxl": {
      "$value": "{Numbers.xxl}",
      "$type": "dimension"
    },
    "m_xxxxl": {
      "$value": "{Numbers.xxxl}",
      "$type": "dimension"
    },
    "m_5xl": {
      "$value": "{Numbers.xxxxl}",
      "$type": "dimension"
    },
    "m_6xl": {
      "$value": "{Numbers.5xl}",
      "$type": "dimension"
    }
  },
  "radius": {
    "radius_xs": {
      "$value": "{Numbers.xxs}",
      "$type": "dimension"
    },
    "radius_sm": {
      "$value": "{Numbers.xs}",
      "$type": "dimension"
    },
    "radius_md": {
      "$value": "{Numbers.sm}",
      "$type": "dimension"
    },
    "radius_lg": {
      "$value": "{Numbers.md}",
      "$type": "dimension"
    },
    "radius_xl": {
      "$value": "{Numbers.lg}",
      "$type": "dimension"
    },
    "radius_xxl": {
      "$value": "{Numbers.xl}",
      "$type": "dimension"
    },
    "radius_xxxl": {
      "$value": "{Numbers.xxl}",
      "$type": "dimension"
    },
    "radius_xxxxl": {
      "$value": "{Numbers.xxxl}",
      "$type": "dimension"
    },
    "radius_5xl": {
      "$value": "{Numbers.xxxxl}",
      "$type": "dimension"
    },
    "radius_6xl": {
      "$value": "{Numbers.5xl}",
      "$type": "dimension"
    }
  },
  "headings": {
    "heading-sm": {
      "$value": "{FontSize.text-16}",
      "$type": "dimension"
    },
    "heading-md": {
      "$value": "{FontSize.text-18}",
      "$type": "dimension"
    },
    "heading-lg": {
      "$value": "{FontSize.text-24}",
      "$type": "dimension"
    },
    "heading-xl": {
      "$value": "{FontSize.text-32}",
      "$type": "dimension"
    }
  },
  "paragraph": {
    "paragraph-sm": {
      "$value": "{FontSize.text-16}",
      "$type": "dimension"
    },
    "paragraph-md": {
      "$value": "{FontSize.text-18}",
      "$type": "dimension"
    }
  }
}